"Wigginton, Ty 1B STL ",wiggity01
"Goldschmidt, Paul 1B ARI",goldspa01
"Lutz, Zach 1B NYM ",lutzza01
"Konerko, Paul 1B CHW",konerpa01
"Schlitter, Brian RP CHC",schlibr01
"Carreno, Joel RP TOR ",carrejo01
"Martinez, Michael 2B PHI",martimi02
"Lilly, Ted SP LAD ",lillyte01
"Campana, Tony LF CHC",campato01
"Farquhar, Danny RP SEA",farquda01
"Davis, Ike 1B NYM ",davisik02
"Kelly, Joe SP STL",kellyjo05
"Rhymes, Will 2B WAS ",rhymewi01
"Eaton, Adam LF ARI ",eatonad02
"Hellickson, Jeremy SP TB ",hellije01
"Fryer, Eric RF MIN",fryerer01
"Ruffin, Chance RP SEA",ruffich01
"Bell, Trevor RP DET",belltr01
"Garcia, Jaime SP STL ",garcija02
"Bedard, Erik SP HOU ",bedarer01
"Maysonet, Edwin SS MIL",maysoed01
"Utley, Chase 2B PHI ",utleych01
"Votto, Joey 1B CIN ",vottojo01
"Iwakuma, Hisashi SP SEA",iwakuhi01
"Motte, Jason RP STL ",motteja01
"Torres, Alex RP TB",torreal01
"Farris, Eric 2B MIL",farrier01
"Roberts, Brian 2B BAL ",roberbr01
"Ross, David C BOS",rossda01
"Perez, Rafael RP CLE ",perezra01
"McCutchen, Andrew CF PIT ",mccutan01
"Curtis, Colin RF NYY",curtico01
"Patton, Troy RP BAL ",pattotr01
"Paulino, Felipe SP KC ",paulife01
"Carter, Chris LF TB",cartech01
"Wells, Casper RF SEA",wellsca01
"Mitchell, Russ 3B LAD",mitchru01
"McAnulty, Paul 1B LAA",mcanupa01
"Rivera, Rene C SD",riverre01
"Nathan, Joe RP TEX",nathajo01
"Peacock, Brad SP OAK",peacobr01
"Kotchman, Casey 1B CLE",kotchca01
"Garcia, Freddy SP NYY ",garcifr02
"Jenkins, Chad RP TOR",jenkich01
"Hamburger, Mark RP HOU",hambuma01
"Young, Eric LF COL",younger03
"Thayer, Dale RP SD",thayeda01
"McGee, Jake RP TB",mcgeeja01
"Heath, Deunte RP CHW",heathde01
"Calhoun, Kole RF LAA",calhoko01
"Herrera, Danny RP NYM",herreda01
"Rodriguez, Henry RP WAS ",rodrihe03
"Kinsler, Ian 2B TEX ",kinslia01
"Johnson, Steve RP BAL ",johnsst02
"Dyson, Jarrod CF KC",dysonja01
"Orr, Pete 2B PHI",orrpe01
"Matsuzaka, Daisuke SP BOS ",matsuda01
"Hunter, Torii CF DET",hunteto01
"Smith, Will SP KC",smithwi04
"Walters, P.J. SP MIN",waltepj01
"Manship, Jeff RP MIN",manshje01
"Nieuwenhuis, Kirk CF NYM",nieuwki01
"Crain, Jesse RP CHW",crainje01
"Perez, Hernan 2B DET",perezhe01
"Lindblom, Josh RP TEX ",lindbjo01
"Mahoney, Joe 1B MIA ",mahonjo01
"Kroenke, Zach RP ARI",kroenza01
"Chavez, Jesse RP OAK",chaveje01
"Cruz, Nelson RF TEX",cruzne02
"Putnam, Zach RP CHC",putnaza01
"Hanigan, Ryan C CIN",hanigry01
"Santana, Ervin SP KC",santaer01
"Phillips, Zach RP BAL",phillza01
"Petit, Yusmeiro SP SF",petityu01
"Heilman, Aaron RP SEA",heilmaa01
"Manuel, Robert RP BOS",manuero01
"Sullivan, Cory CF LAD",sullico01
"Sipp, Tony RP ARI ",sippto01
"Putz, J.J. RP ARI ",putzjj01
"Ackley, Dustin 2B SEA",ackledu01
"Nickeas, Mike C NYM ",nickemi01
"Cloyd, Tyler SP PHI",cloydty01
"Martinez, Luis C BAL ",martilu02
"Familia, Jeurys RP NYM",familje01
"Corpas, Manny RP CHC ",corpama01
"Castro, Juan 2B LAD",castrju01
"Castillo, Welington C CHC",castiwe01
"Gonzalez, Marwin SS HOU",gonzama01
"Pena, Carlos 1B HOU ",penaca01
"Johnson, Chris 3B ATL ",johnsch05
"De Jesus, Ivan 2B PIT ",dejesiv02
"Walker, Neil 2B PIT ",walkene01
"Lewis, Colby SP TEX ",lewisco01
"Greene, Tyler 2B HOU",greenty02
"Dillard, Tim RP MIL",dillati01
"Lavarnway, Ryan C BOS",lavarry01
"Kintzler, Brandon RP MIL",kintzbr01
"Perez, Luis RP TOR ",perezlu01
"Kimbrel, Craig RP ATL ",kimbrcr01
"Adams, Ryan 2B BAL",adamsry01
"Bogusevic, Brian RF HOU",bogusbr01
"Stewart, Ian 3B CHC ",stewaia01
"Veal, Donnie RP CHW",vealdo01
"Smith, Chris RP SEA",smithch07
"Scott, Luke 1B TB ",scottlu01
"Lyles, Jordan SP HOU",lylesjo01
"Takahashi, Hisanori RP PIT ",takahhi01
"Jeffress, Jeremy RP TOR",jeffrje01
"Loewen, Adam RF TOR ",loewead01
"Hochevar, Luke SP KC ",hochelu01
"Moustakas, Mike 3B KC",moustmi01
"Gregerson, Luke RP SD",gregelu01
"Zobrist, Ben RF TB",zobribe01
"Wieters, Matt C BAL ",wietema01
"Jurrjens, Jair SP ATL ",jurrjja01
"White, Alex SP HOU ",whiteal01
"Negron, Kris CF CIN",negrokr01
"Dumatrait, Phil RP MIN",dumatph01
"Bay, Jason LF SEA",bayja01
"Cardenas, Adrian 2B CHC",cardead01
"Mitre, Sergio RP NYY",mitrese01
"Uehara, Koji RP BOS",ueharko01
"Sweeney, Brian RP ARI",sweenbr01
"Pena, Tony RP LAA ",penato03
"Wood, Blake RP CLE ",woodbl01
"De La Rosa, Dane RP TB",delarda01
"Mahay, Ron RP CIN",mahayro01
"Hernandez, Luis SS CLE",hernalu01
"Anderson, Lars LF ARI ",anderla03
"Verdugo, Ryan SP KC",verdury01
"Adams, Matt 1B STL",adamsma01
"Cruz, Luis 3B LAD ",cruzlu01
"Garland, Jon SP LAD",garlajo01
"Maine, Scott RP TOR",mainesc01
"Whiteside, Eli C TEX ",whiteel03
"Bonifacio, Emilio CF TOR ",bonifem01
"Johnson, Jim RP BAL",johnsji04
"McCarthy, Brandon SP ARI ",mccarbr01
"Drabek, Kyle SP TOR ",drabeky01
"Mickolio, Kam RP ARI",mickoka01
"McCann, Brian C ATL ",mccanbr01
"Venable, Will RF SD ",venabwi01
"Izturis, Maicer 3B TOR",izturma01
"Wilhelmsen, Tom RP SEA",wilheto01
"Kendrick, Howard 2B LAA",kendrho01
"Gonzalez, Alex SS MIL ",gonzaal02
"Font, Wilmer RP TEX",fontwi01
"Craig, Allen 1B STL",craigal01
"Wilson, C.J. SP LAA ",wilsocj01
"Martin, J.D. SP TB",martijd01
"Meyer, Dan RP PHI",meyerda02
"Weinhardt, Robbie RP DET",weinhro01
"Smyly, Drew SP DET ",smylydr01
"Hoover, J.J. RP CIN",hoovejj01
"Triunfel, Carlos SS SEA",triunca01
"Lombardozzi, Stephen 2B WAS",lombast02
"Ryan, Michael RF LAA",ryanmi03
"Constanza, Jose LF ATL",constjo01
"Richard, Clayton SP SD",richacl01
"Ondrusek, Logan RP CIN ",ondrulo01
"Abreu, Tony 2B KC",abreuto01
"Lillibridge, Brent RF CLE ",lillibr01
"De Los Santos, Fautino RP MIL",delosfa01
"Mastroianni, Darin CF MIN",mastrda01
"Perez, Oliver RP SEA",perezol01
"Harper, Bryce RF WAS",harpebr03
"Barajas, Rod C PIT",barajro01
"Chirinos, Robinson C TB",chiriro01
"Sweeney, Ryan RF BOS",sweenry01
"Buck, Travis RF SD",bucktr01
"Victorino, Shane CF BOS",victosh01
"Laird, Brandon 3B HOU",lairdbr01
"Jay, Jon LF STL ",jayjo02
"Keuchel, Dallas SP HOU",keuchda01
"Strop, Pedro RP BAL",stroppe01
"Montero, Miguel C ARI",montemi01
"Brown, Domonic RF PHI ",browndo01
"Hand, Brad SP MIA",handbr01
"Hester, John C LAA",hestejo01
"Fick, Chuckie RP HOU",fickch01
"Snyder, Chris C HOU",snydech02
"Bass, Brian RP PHI",bassbr01
"Moseley, Dustin SP SD",moseldu01
"Gibbons, Jay LF MIL",gibboja01
"Saltalamacchia, Jarrod C BOS ",saltaja01
"Ramirez, Aramis 3B MIL",ramirar01
"Miller, Corky C CIN",milleco01
"De La Rosa, Jorge SP COL",delarjo01
"Waldrop, Kyle RP MIN",waldrky01
"Lohse, Kyle SP STL ",lohseky01
"Moskos, Daniel RP CHW",moskoda01
"Helton, Todd 1B COL ",heltoto01
"Jackson, Austin CF DET ",jacksau01
"Riske, David RP BAL",riskeda01
"Johnson, Dan 1B CHW",johnsda06
"Estrada, Marco SP MIL ",estrama01
"Pagnozzi, Matt C ATL",pagnoma01
"Laffey, Aaron SP NYM ",laffeaa01
"Villarreal, Pedro RP CIN",villape01
"Green, Sean RP TEX",greense01
"Rodriguez, Fernando RP HOU",rodrife02
"Herrera, Kelvin RP KC",herreke01
"Cabrera, Melky LF TOR",cabreme01
"Davis, Wade RP KC ",daviswa01
"Morales, Kendrys 1B SEA ",moralke01
"Hagadone, Nick RP CLE ",hagadni01
"Hughes, Phil SP NYY ",hugheph01
"Solis, Ali C PIT",solisal01
"Cordero, Chad RP TOR",cordech01
"Thole, Josh C TOR ",tholejo01
"Gomez, Hector SS MIL",gomezhe01
"Herrera, Elian OF LAD",herreel01
"Teheran, Julio SP ATL ",teherju01
"Navarro, Yamaico LF BAL",navarya01
"Carrera, Ezequiel LF CLE ",carreez01
"Machado, Manny 3B BAL ",machama01
"Garza, Matt SP CHC ",garzama01
"Axelrod, Dylan SP CHW",axelrdy01
"Richardson, Antoan CF BAL",richaan01
"Robinson, Clint 1B PIT",robincl01
"Janssen, Casey RP TOR ",janssca01
"Ross, Tyson SP SD",rossty01
"Castro, Ramon C CHW",castrra01
"Miley, Wade SP ARI",mileywa01
"Farnsworth, Kyle RP TB ",farnsky01
"Sanabia, Alex SP MIA",sanabal01
"Santos, Omir C DET",santoom01
"Lin, Che-Hsuan RF HOU",linch01
"Geltz, Steven RP LAA",geltzst01
"Marson, Lou C CLE ",marsolo01
"Ramos, Cesar RP TB",ramosce01
"Ottavino, Adam RP COL",ottavad01
"Salas, Fernando RP STL",salasfe01
"Montero, Jesus C SEA",monteje01
"Cedeno, Xavier RP HOU",cedenxa01
"Hawkins, LaTroy RP LAA",hawkila01
"Borbon, Julio CF TEX",borboju01
"Romero, Ricky SP TOR",romerri01
"Thompson, Rich RF TB",thompri02
"Falu, Irving 2B KC",faluir01
"Sizemore, Scott 3B OAK ",sizemsc01
"Wheeler, Dan RP KC ",wheelda01
"Weeks, Jemile 2B OAK",weeksje01
"Beck, Chad RP TOR",beckch01
"Middlebrooks, Will 3B BOS ",middlwi01
"Gallardo, Yovani SP MIL",gallayo01
"Pill, Brett 1B SF",pillbr01
"Mather, Joe LF PHI",mathejo02
"Rodriguez, Luis SS LAA ",rodrilu01
"Wright, David 3B NYM",wrighda03
"Capps, Carter RP SEA",cappsca01
"Marte, Damaso RP NYY",marteda01
"Harrell, Lucas SP HOU",harrelu01
"Affeldt, Jeremy RP SF",affelje01
"Ramirez, Alexei SS CHW",ramiral03
"Tosoni, Rene RF MIN",tosonre01
"Parnell, Bobby RP NYM ",parnebo01
"Gomes, Brandon RP TB",gomesbr01
"Below, Duane RP DET",belowdu01
"Zito, Barry SP SF",zitoba01
"White, Sean RP COL",whitese02
"Ankiel, Rick CF HOU ",ankieri01
"Eckstein, David 2B SD",eckstda01
"Youkilis, Kevin 3B NYY ",youklke01
"Eppley, Cody RP NYY",eppleco01
"Moore, Adam C KC",mooread01
"Detwiler, Ross SP WAS ",detwiro01
"Tomlin, Josh SP CLE ",tomlijo01
"Chatwood, Tyler SP COL",chatwty01
"Cowgill, Collin RF NYM ",cowgico01
"Buente, Jay RP TB",buentja01
"Ishikawa, Travis 1B BAL",ishiktr01
"Napoli, Mike C BOS ",napolmi01
"Pendleton, Lance RP HOU",pendlla01
"Rogers, Mark SP MIL",rogerma01
"Rodriguez, Alex 3B NYY ",rodrial01
"Romero, Niuman 2B DET",romerni01
"Span, Denard CF WAS",spande01
"Corbin, Patrick SP ARI",corbipa01
"Ethier, Andre RF LAD ",ethiean01
"Herrmann, Chris C MIN",herrmch01
"Kimball, Cole RP WAS",kimbaco01
"Beckham, Gordon 2B CHW ",beckhgo01
"Hensley, Clay RP SF",henslcl01
"Figgins, Chone LF SEA",figgich01
"Hechavarria, Adeiny SS MIA",hechaad01
"Fox, Matt RP SEA",foxma01
"Haeger, Charlie SP BOS",haegech01
"Roberts, Ryan 3B TB ",roberry01
"Socolovich, Miguel RP CHC",socolmi01
"Maine, John SP COL ",mainejo01
"Fisher, Carlos RP CIN",fisheca01
"Aumont, Phillippe RP PHI",aumonph01
"Beimel, Joe RP TEX",beimejo01
"Uggla, Dan 2B ATL",ugglada01
"Freeman, Sam RP STL",freemsa01
"Choo, Shin-Soo RF CIN ",choosh01
"Weeks, Rickie 2B MIL",weeksri01
"Zumaya, Joel RP MIN",zumayjo01
"Monasterios, Carlos RP LAD",monasca01
"Millwood, Kevin SP SEA ",millwke01
"Lind, Adam 1B TOR",lindad01
"Lawrie, Brett 3B TOR",lawribr01
"Burnett, Sean RP LAA",burnese01
"McHugh, Collin SP NYM",mchugco01
"Gamel, Mat 1B MIL ",gamelma01
"Molina, Jose C TB",molinjo01
"Gonzalez, Enrique RP DET",gonzaen01
"Raley, Brooks SP CHC",raleybr01
"Kozma, Pete SS STL",kozmape01
"Rodriguez, Steven RP LAD",rodrist01
"Williams, Jerome RP LAA ",willije02
"Gutierrez, Juan RP KC",gutieju01
"Robinson, Shane CF STL",robinsh01
"Thames, Eric LF SEA",thameer01
"Carson, Matt RF CLE",carsoma01
"De La Rosa, Rubby RP BOS",delarru01
"Janish, Paul SS ATL ",janispa01
"Bergesen, Brad RP ARI",bergebr02
"Dolis, Rafael RP CHC",dolisra01
"Ohlendorf, Ross SP WAS ",ohlenro01
"Stults, Eric SP SD",stulter01
"Olmedo, Ray 3B CHW",olmedra01
"Tolleson, Shawn RP LAD",tollesh01
"Rapada, Clay RP NYY",rapadcl01
"Narveson, Chris SP MIL ",narvech01
"McDonald, James SP PIT",mcdonja03
"St. Pierre, Max C BOS",stpiema01
"Chacin, Gustavo RP HOU",chacigu01
"Field, Tommy 2B LAA",fieldth01
"Esposito, Brian C CIN",esposbr01
"Pestano, Vinnie RP CLE",pestavi01
"Manzella, Tommy SS ARI",manzeto01
"Conger, Hank C LAA",congeha01
"Sosa, Jorge RP MIA",sosajo02
"Tabata, Jose LF PIT",tabatjo01
"Russell, Adam RP BAL",russead01
"Quintero, Humberto C PHI",quinthu01
"Willingham, Josh LF MIN ",willijo03
"Venters, Jonny RP ATL ",ventejo01
"Drew, Stephen SS BOS ",drewst01
"Peralta, Wily SP MIL",peralwi01
"Kennedy, Ian SP ARI ",kenneia01
"Wall, Josh RP LAD",walljo02
"Melancon, Mark RP PIT ",melanma01
"Thornburg, Tyler RP MIL",thornty01
"Hinske, Eric 1B ARI",hinsker01
"Vargas, Claudio RP TOR",vargacl01
"Richmond, Scott RP TOR ",richmsc01
"Bullington, Bryan SP KC",bullibr01
"Jimenez, Ubaldo SP CLE ",jimenub01
"Phelps, Cord 2B CLE",phelpco01
"Ramirez, Ramon RP NYM",ramirra02
"Martinez, Cristhian RP ATL ",marticr01
"Escobar, Eduardo 3B MIN",escobed01
"Polanco, Placido 3B MIA ",polanpl01
"Brown, Andrew RF NYM ",brownan02
"Gregorius, Didi SS ARI ",gregodi01
"Robinson, Trayvon CF BAL",robintr01
"MacDougal, Mike RP LAD",macdomi01
"Mills, Brad SP LAA",millsbr02
"Bowden, Michael RP CHC",bowdemi01
"Otero, Dan RP SF",oteroda01
"Budde, Ryan C ARI",buddery01
"Wang, Chien-Ming SP WAS",wangch01
"Forsythe, Logan 2B SD",forsylo01
"Germano, Justin SP TOR",germaju01
"Wallace, Brett 1B HOU ",wallabr01
"Edlefsen, Steve RP SF",edlefst01
"Getz, Chris 2B KC",getzch01
"Maya, Yunesky SP WAS",mayayu01
"Porcello, Rick SP DET ",porceri01
"Wells, Vernon CF LAA ",wellsve01
"Davis, Doug SP CHW",davisdo02
"Ramos, Wilson C WAS ",ramoswi01
"Alfonzo, Eliezer C COL",alfonel01
"d'Arnaud, Chase 2B PIT",darnach01
"Contreras, Jose RP PHI",contrjo01
"Kelly, Casey SP SD",kellyca01
"Martinez, Fernando CF HOU ",martife02
"Morrison, Logan LF MIA ",morrilo01
"Volstad, Chris SP KC ",volstch01
"Escalona, Edgmer RP COL",escaled01
"Valdes, Raul RP PHI",valdera02
"Young, Michael 1B PHI ",youngmi02
"Hendrickson, Mark RP BAL ",hendrma01
"Brantley, Michael CF CLE ",brantmi02
"Theriot, Ryan 2B SF",theriry01
"Lee, Cliff SP PHI",leecl02
"Colome, Jesus RP TEX",colomje01
"Miles, Aaron 2B LAD",milesaa01
"Rodriguez, Eddy C SD",rodried04
"Miller, Trever RP CHC",milletr02
"O'Flaherty, Eric RP ATL ",oflaher01
"Mathis, Doug RP BOS",mathido01
"Peguero, Francisco LF SF",peguefr01
"Kearns, Austin RF MIA ",kearnau01
"Andrus, Elvis SS TEX",andruel01
"Inglett, Joe 2B HOU",inglejo01
"Turner, Jacob SP MIA",turneja01
"Machi, Jean RP SF",machije01
"Butler, Billy 1B KC",butlebi03
"Maldonado, Carlos C WAS",maldoca03
"Bautista, Jose LF TOR ",bautijo02
"Posey, Buster C SF ",poseybu01
"Lannan, John SP PHI ",lannajo01
"Park, Chan Ho RP PIT",parkch01
"Skaggs, Tyler SP ARI",skaggty01
"Eyre, Willie RP BAL",eyrewi01
"Parrino, Andy SS OAK",parrian01
"Amezaga, Alfredo 2B CHC ",amezaal01
"Gregg, Kevin RP BAL",greggke01
"Sanchez, Anibal SP DET ",sanchan01
"Soto, Geovany C TEX ",sotoge01
"Morrow, Brandon SP TOR",morrobr01
"Harrison, Josh 2B PIT",harrijo05
"Reyes, Jose SS TOR",reyesjo01
"Marte, Luis RP DET",martelu01
"Infante, Omar 2B DET ",infanom01
"Jimenez, Cesar RP PHI",jimence01
"Ziegler, Brad RP ARI ",zieglbr01
"Balfour, Grant RP OAK",balfogr01
"Montanez, Luis LF PHI",montalu01
"Escalona, Sergio RP HOU ",escalse01
"Bush, Dave RP PHI",bushda01
"Chavez, Endy RF KC ",chaveen01
"Strasburg, Stephen SP WAS ",strasst01
"De Aza, Alejandro CF CHW ",deazaal01
"Carter, Chris 1B OAK",cartech02
"Kipnis, Jason 2B CLE",kipnija01
"Iglesias, Jose SS BOS ",iglesjo01
"Ohman, Will RP CIN",ohmanwi01
"Federowicz, Tim C LAD",federti01
"Garko, Ryan 1B TEX",garkory01
"Ledezma, Wil RP LAD",ledezwi01
"Corporan, Carlos C HOU",corpoca01
"Turner, Justin 2B NYM",turneju01
"McKenry, Michael C PIT",mckenmi01
"Alburquerque, Al RP DET",albural01
"Frandsen, Kevin 3B PHI",frandke01
"Slaten, Doug RP PIT",slatedo01
"Mulvey, Kevin RP ARI",mulveke01
"Schlichting, Travis RP OAK",schlitr01
"Gimenez, Hector C CHW",gimenhe01
"Clement, Jeff 1B PIT",clemeje01
"Kelley, Shawn RP SEA",kellesh01
"DeJesus, David LF CHC",dejesda01
"Feldman, Scott SP CHC",feldmsc01
"Ramirez, Edwar RP OAK",ramired01
"Marrero, Chris 1B WAS",marrech01
"LaRoche, Adam 1B WAS ",larocad01
"Cleto, Maikel RP STL",cletoma01
"Johnson, Kelly 2B TOR",johnske05
"Sosa, Henry SP HOU",sosahe01
"LaRue, Jason C STL",larueja01
"Thomas, Justin RP NYY",thomaju01
"Carpenter, Chris RP BOS ",carpech02
"Belisario, Ronald RP LAD ",belisro01
"Jones, Nate RP CHW",jonesna01
"Almonte, Erick RF MIL",almoner01
"Carpenter, David RP ATL",carpeda01
"Castellanos, Alex RF LAD",casteal01
"Lamb, Mike 1B MIA",lambmi01
"Russo, Kevin 3B DET",russoke01
"Masterson, Justin SP CLE ",masteju01
"Niese, Jonathon SP NYM ",niesejo01
"Plouffe, Trevor 3B MIN",plouftr01
"Omogrosso, Brian RP CHW",omogrbr01
"Graham, Tyler LF ARI",grahaty01
"McBride, Matt LF COL",mcbrima02
"Carlyle, Buddy RP ATL",carlybu01
"Reyes, Dennys RP BAL",reyesde01
"Horst, Jeremy RP PHI",horstje01
"Parker, Jarrod SP OAK",parkeja02
"Navarro, Dioner C CHC",navardi01
"Albers, Matt RP CLE ",alberma01
"Allen, Cody RP CLE",allenco01
"Rosenberg, B.J. RP PHI",rosenbj01
"Tillman, Chris SP BAL ",tillmch01
"Pedroia, Dustin 2B BOS ",pedrodu01
"Dominguez, Matt 3B HOU",dominma01
"Oswalt, Roy SP TEX",oswalro01
"Santiago, Ramon 2B DET",santira01
"Okajima, Hideki RP NYY",okajihi01
"Haren, Dan SP WAS ",harenda01
"Doumit, Ryan C MIN",doumiry01
"Schumaker, Skip 2B LAD ",schumsk01
"Jackson, Conor LF BAL",jacksco01
"Suppan, Jeff SP SD",suppaje01
"Chisenhall, Lonnie 3B CLE ",chiselo01
"Snell, Ian SP STL",snellia01
"Doubront, Felix SP BOS",doubrfe01
"Perez, Chris RP CLE ",perezch01
"Canzler, Russ LF NYY ",canzlru01
"Flowers, Tyler C CHW",flowety01
"Mesa, Melky LF NYY",mesame01
"James, Justin RP MIL",jamesju01
"Michaels, Jason LF WAS",michaja01
"Thompson, Brad RP MIN",thompbr01
"Francoeur, Jeff RF KC",francje02
"Betancourt, Rafael RP COL",betanra01
"Saunders, Joe SP BAL ",saundjo01
"Coghlan, Chris LF MIA",coghlch01
"Wright, Wesley RP HOU ",wrighwe01
"Hoes, L.J. OF BAL",hoeslj01
"Diaz, Argenis SS DET",diazar01
"Spence, Josh RP NYY",spencjo01
"Miller, Jai CF BAL ",milleja04
"Iannetta, Chris C LAA",iannech01
"Peguero, Carlos RF SEA",pegueca01
"Sanchez, Freddy 2B SF ",sanchfr01
"Wright, Jamey RP TB",wrighja01
"Zambrano, Carlos SP MIA",zambrca01
"Bruney, Brian RP CHW ",brunebr01
"Quentin, Carlos LF SD ",quentca01
"Hill, Koyie C CHC",hillko01
"Cueto, Johnny SP CIN ",cuetojo01
"Schafer, Logan CF MIL",schaflo01
"Van Every, Jonathan LF WAS",vanevjo01
"Recker, Anthony C NYM",reckean01
"Matusz, Brian RP BAL ",matusbr01
"Cancel, Robinson C HOU",cancero01
"Kershaw, Clayton SP LAD ",kershcl01
"Locke, Jeff SP PIT",lockeje01
"Britton, Zach SP BAL",brittza01
"Lewis, Fred LF NYM",lewisfr02
"Cousins, Scott CF LAA",cousisc01
"Marmol, Carlos RP CHC ",marmoca01
"Paredes, Jimmy RF HOU",paredji01
"Weaver, Jered SP LAA",weaveje02
"Surkamp, Eric SP SF ",surkaer01
"Butera, Drew C MIN",buterdr01
"Wilson, Jack SS ATL",wilsoja02
"Gomes, Jonny LF BOS",gomesjo01
"Alonso, Yonder 1B SD",alonsyo01
"LeMahieu, DJ 2B COL",lemahdj01
"Gordon, Dee SS LAD",gordode01
"Broxton, Jonathan RP CIN",broxtjo01
"Mercer, Jordy SS PIT",mercejo03
"Arredondo, Jose RP CIN",arredjo01
"Murphy, Daniel 2B NYM ",murphda08
"Moore, Scott 3B HOU",mooresc02
"Diamond, Scott SP MIN ",diamosc01
"Jennings, Desmond CF TB",jennide01
"Rauch, Jon RP NYM",rauchjo01
"Casilla, Alexi 2B BAL",casilal01
"Quinlan, Robb 1B PHI",quinlro01
"Hill, Rich RP BOS",hillri01
"Fields, Josh 3B PHI",fieldjo02
"Young, Chris SP NYM",youngch03
"Suzuki, Kurt C WAS",suzukku01
"Lopez, Felipe 3B MIL",lopezfe01
"Cortes, Dan RP SEA",corteda02
"Cabrera, Alberto RP CHC",cabreal03
"Wade, Cory RP TOR ",wadeco01
"Rzepczynski, Marc RP STL",rzepcma01
"Elbert, Scott RP LAD ",elbersc01
"Schwinden, Chris SP NYM",schwich01
"Cordero, Francisco RP HOU",cordefr01
"Mijares, Jose RP SF",mijarjo01
"Brignac, Reid SS TB",brignre01
"Gutierrez, Franklin CF SEA",gutiefr01
"Mayberry, John LF PHI ",maybejo02
"Hu, Chin-lung 2B CLE",huch01
"Mejia, Jenrry SP NYM",mejiaje01
"Neal, Thomas LF CLE ",nealth01
"Hairston, Scott LF NYM ",hairssc01
"Ruf, Darin LF PHI ",rufda01
"Betancourt, Yuniesky 2B KC",betanyu01
"Flores, Jesus C WAS ",floreje02
"Escobar, Alcides SS KC",escobal02
"Kirkman, Michael RP TEX",kirkmmi01
"Coleman, Casey RP CHC",colemca01
"Adcock, Nate RP KC",adcocna01
"Crotta, Mike RP PIT",crottmi01
"Belt, Brandon 1B SF",beltbr01
"Ramirez, Horacio RP LAA",ramirho01
"Olsen, Scott SP PIT",olsensc01
"Headley, Chase 3B SD",headlch01
"Miller, Shelby RP STL ",millesh01
"Pavano, Carl SP MIN ",pavanca01
"Maier, Mitch CF KC",maiermi01
"Mesoraco, Devin C CIN",mesorde01
"Devine, Joey RP OAK",devinjo01
"Gwynn, Tony CF LAD",gwynnto02
"Francisco, Frank RP NYM ",francfr01
"Francisco, Ben LF CLE ",francbe01
"Moeller, Chad C COL",moellch01
"Rodriguez, Francisco RP MIL",rodrifr03
"Aoki, Norichika OF MIL",aokino01
"Benoit, Joaquin RP DET",benoijo01
"Sardinha, Dane C BAL",sardida01
"Barnes, Scott RP CLE",barnesc01
"Cruz, Tony C STL",cruzto03
"Van Slyke, Scott RF LAD ",vanslsc01
"Ramirez, Erasmo SP SEA",ramirer02
"Dozier, Brian SS MIN",doziebr01
"Leroux, Chris RP PIT",lerouch01
"Byrdak, Tim RP NYM",byrdati01
"Bernadina, Roger CF WAS ",bernaro01
"Izturis, Cesar SS CIN ",izturce01
"Pettitte, Andy SP NYY",pettian01
"Worth, Danny 2B DET",worthda01
"Fulchino, Jeff RP WAS",fulchje01
"Burres, Brian RP SF",burrebr01
"Hughes, Rhyne 1B BAL",hugherh01
"Vargas, Jason SP LAA ",vargaja01
"Teixeira, Mark 1B NYY ",teixema01
"Upton, B.J. CF ATL",uptonbj01
"Schwimer, Michael RP PHI",schwimi01
"Santiago, Hector RP CHW",santihe01
"Peralta, Jhonny SS DET",peraljh01
"Tazawa, Junichi RP BOS",tazawju01
"Thurston, Joe 2B HOU",thursjo01
"Hutchison, Drew SP TOR ",hutchdr01
"Buchholz, Taylor RP NYM",buchhta01
"Wagner, Neil RP TOR",wagnene01
"Reed, Jeremy LF ARI",reedje03
"Boggs, Mitchell RP STL ",boggsmi01
"Nix, Jayson 3B NYY ",nixja01
"Coke, Phil RP DET ",cokeph01
"Phillips, Brandon 2B CIN",phillbr01
"Wheeler, Ryan 3B COL",wheelry01
"Ruiz, Carlos C PHI",ruizca01
"Mendoza, Luis SP KC",mendolu01
"Putkonen, Luke RP DET",putkolu01
"Amarista, Alexi 2B SD",amarial01
"Collins, Tim RP KC",colliti01
"DeRosa, Mark LF TOR ",derosma01
"Torrealba, Yorvit C MIL",torreyo01
"Masset, Nick RP CIN ",masseni01
"Bonderman, Jeremy SP SEA ",bondeje01
"Marquez, Jeff RP SEA",marquje01
"Dirks, Andy CF DET ",dirksan01
"Richards, Garrett RP LAA",richaga01
"Loux, Shane RP SF",louxsh01
"Badenhop, Burke RP MIL ",badenbu01
"Colon, Bartolo SP OAK ",colonba01
"Donaldson, Josh 3B OAK",donaljo02
"Septimo, Leyson RP CHW",septile01
"Liddi, Alex 3B SEA",liddial01
"Hernandez, Livan RP MIL",hernali01
"Ayala, Luis RP BAL",ayalalu01
"Mazzaro, Vin RP PIT",mazzavi01
"Floyd, Gavin SP CHW",floydga01
"Lyon, Brandon RP TOR",lyonbr01
"Henderson, Jim RP MIL",hendeji01
"Russell, James RP CHC ",russeja02
"Hoffmann, Jamie LF BAL",hoffmja01
"Sellers, Justin SS LAD ",selleju01
"Vasquez, Anthony SP SEA",vasquan01
"Cruz, Rhiner RP HOU",cruzrh01
"Carpenter, Drew RP TOR",carpean01
"Francis, Jeff SP COL",francje01
"Harden, Rich SP MIN ",harderi01
"Viciedo, Dayan RF CHW",vicieda01
"Buckner, Billy SP LAA",bucknbi02
"Seager, Kyle 3B SEA",seageky01
"Snyder, Brad RF ARI",snydebr02
"Lugo, Julio 3B ATL",lugoju01
"McGowan, Dustin SP TOR ",mcgowdu01
"Sanchez, Hector C SF",sanchhe01
"Pearce, Steve LF BAL",pearcst01
"Smith, Joe RP CLE",smithjo05
"Diaz, Matt RF ATL ",diazma02
"Gonzalez, Edgar RP HOU",gonzaed01
"Jackson, Ryan 2B STL",jacksry02
"Toregas, Wyatt C PIT",toregwy01
"Dinkelman, Brian 2B MIN",dinkebr01
"Jepsen, Kevin RP LAA",jepseke01
"Norris, Derek C OAK",norride01
"Diamond, Thomas RP CHC",diamoth01
"Allen, Brandon 1B TEX",allenbr01
"McDonald, Darnell RF NYY ",mcdonda02
"Perez, Martin SP TEX ",perezma02
"Straily, Dan SP OAK",straida01
"Wainwright, Adam SP STL",wainwad01
"Hammel, Jason SP BAL ",hammeja01
"Kalish, Ryan CF BOS ",kalisry01
"Emaus, Brad 2B BOS",emausbr01
"League, Brandon RP LAD",leagubr01
"Valdez, Cesar RP PIT",valdece01
"Gillespie, Cole LF ARI",gilleco01
"Rodriguez, Rafael RP ARI",rodrira01
"Proctor, Scott RP NYY ",proctsc01
"Casilla, Santiago RP SF ",garcija01
"Thatcher, Joe RP SD ",thatcjo01
"Daley, Matt RP NYY",daleyma01
"Blanco, Andres SS PHI",blancan01
"Norris, Bud SP HOU ",norribu01
"Rohlinger, Ryan SS CLE",rohliry01
"Chulk, Vinnie RP MIL",chulkvi01
"Street, Huston RP SD",streehu01
"Taveras, Willy CF KC",taverwi01
"Green, Nick 3B MIA ",greenni01
"Aybar, Erick SS LAA ",aybarer01
"Wilson, Mike LF SEA",wilsomi02
"Pineiro, Joel SP BAL",pineijo01
"Gonzalez, Adrian 1B LAD",gonzaad01
"Mendez, Adalberto SP MIA",mendead01
"Pena, Brayan C DET ",penabr01
"Hernandez, Roberto SP TB ",hernaro01
"Morel, Brent 3B CHW",morelbr01
"Ambriz, Hector RP HOU",ambrihe01
"Delgado, Randall SP ARI ",delgara01
"Fister, Doug SP DET ",fistedo01
"Willits, Reggie LF LAA",willire03
"Cingrani, Tony RP CIN ",cingrto01
"Scahill, Rob RP COL",scahiro01
"Downs, Darin RP DET",downsda02
"Karstens, Jeff SP PIT ",karstje01
"Blanton, Joe SP LAA",blantjo01
"Cano, Robinson 2B NYY",canoro01
"Aardsma, David RP NYY",aardsda01
"Colvin, Tyler LF COL ",colvity01
"Torres, Andres CF SF ",torrean02
"Jackson, Brett CF CHC",jacksbr01
"Cedeno, Ronny 2B NYM",cedenro02
"Marte, Andy 3B PIT",martean01
"English, Jesse RP WAS",englije01
"Encarnacion, Edwin 1B TOR",encared01
"Eveland, Dana RP BAL ",evelada01
"Miller, Andrew RP BOS ",millean01
"Rosales, Adam 2B OAK",rosalad01
"Phelps, David RP NYY",phelpda01
"Varvaro, Anthony RP ATL",varvaan01
"Stange, Daniel RP SD",stangda01
"Cabrera, Everth SS SD ",cabreev01
"Uribe, Juan 3B LAD",uribeju01
"Boscan, J.C. C ATL",boscajc01
"Mikolas, Miles RP SD",mikolmi01
"Baxter, Mike RF NYM",baxtemi01
"Hottovy, Tommy RP TOR ",hottoto01
"Latos, Mat SP CIN",latosma01
"Morse, Michael LF SEA ",morsemi01
"Minor, Mike SP ATL",minormi01
"Bailey, Homer SP CIN",baileho02
"De Fratus, Justin RP PHI",defraju01
"Young, Chris CF OAK",youngch04
"Hoffpauir, Jarrett 3B WAS",hoffpja01
"Nippert, Dustin RP TEX",nippedu01
"Brown, Jordan 1B HOU",brownjo05
"Jaso, John C OAK ",jasojo01
"Werner, Andrew SP OAK",wernean01
"Heyward, Jason RF ATL ",heywaja01
"Sanchez, Jonathan SP COL",sanchjo01
"Ludwick, Ryan RF CIN ",ludwiry01
"Brantly, Rob C MIA",brantro01
"Litsch, Jesse SP TOR",litscje01
"Komatsu, Erik RF WAS",komater01
"Duda, Lucas LF NYM ",dudalu01
"Avery, Xavier CF BAL",averyxa01
"Robertson, Nate SP SEA ",roberna01
"Camp, Shawn RP CHC",campsh01
"Hammock, Robby LF ARI",hammoro01
"Daigle, Casey RP SF",daiglca01
"Murphy, Donnie 3B MIL ",murphdo01
"Torres, Carlos RP COL",torreca01
"Coello, Robert RP TOR",coellro01
"Overbay, Lyle 1B ATL",overbly01
"Ibanez, Raul LF SEA ",ibanera01
"Freese, David 3B STL",freesda01
"Pomeranz, Stu RP BAL ",pomerst01
"Solano, Jhonatan C WAS",solanjh01
"Watson, Tony RP PIT",watsoto01
"Lueke, Josh RP TB",luekejo01
"Villanueva, Carlos RP TOR ",villaca01
"Burnett, A.J. SP PIT",burneaj01
"Herrmann, Frank RP CLE",herrmfr01
"Hudson, Orlando 2B CHW",hudsoor01
"Patterson, Corey CF MIL",patteco01
"Ortega, Rafael CF COL",ortegra01
"Reyes, Jo-Jo SP LAA ",reyesjo03
"Wilson, Brian RP SF ",wilsobr01
"Wells, Randy RP TEX",wellsra01
"Freeman, Freddie 1B ATL",freemfr01
"O'Connor, Mike RP NYY",oconnmi01
"Rivera, Saul RP CLE",riversa01
"Hernandez, Felix SP SEA",hernafe02
"Moyer, Jamie SP BAL",moyerja01
"Clevlen, Brent RF PHI",clevlbr01
"Lewis, Rommie RP ARI",lewisro01
"Nelson, Joe RP SEA",nelsojo01
"Tejeda, Robinson RP CLE",tejedro01
"Nolasco, Ricky SP MIA",nolasri01
"Mattison, Kevin CF MIA",mattike01
"Culberson, Charlie 2B COL",culbech01
"Sanchez, Angel SS CHW",sanchan02
"Taschner, Jack RP LAD",taschja01
"Walden, Jordan RP ATL",waldejo01
"Fiers, Mike SP MIL",fiersmi01
"Pierzynski, A.J. C TEX ",pierzaj01
"Vogt, Stephen C TB",vogtst01
"Link, Jon RP BAL",linkjo01
"Carson, Robert RP NYM",carsoro01
"Sabathia, CC SP NYY ",sabatcc01
"Raburn, Ryan LF CLE ",raburry01
"Pierre, Juan CF MIA",pierrju01
"Phipps, Denis RF CIN",phippde01
"Fielder, Prince 1B DET",fieldpr01
"Oliveros, Lester RP MIN",olivele01
"Castillo, Lendy RP CHC",castile01
"Lee, Carlos 1B MIA",leeca01
"Cunningham, Aaron RF TEX",cunniaa01
"Stokes, Brian RP TOR",stokebr01
"Perez, Salvador C KC ",perezsa02
"Gonzalez, Gio SP WAS",gonzagi01
"Lincoln, Mike RP CIN",lincomi01
"Browning, Barret RP STL",brownba01
"Banks, Josh SP SF",banksjo01
"Soriano, Rafael RP WAS ",soriara01
"Luetge, Lucas RP SEA",luetglu01
"Crawford, Brandon SS SF",crawfbr01
"Crow, Aaron RP KC",crowaa01
"Smoak, Justin 1B SEA ",smoakju01
"Ely, John RP HOU ",elyjo01
"Powell, Landon C HOU ",powella01
"Olivo, Miguel C SEA",olivomi01
"French, Luke SP SEA",frenclu01
"Cahill, Trevor SP ARI",cahiltr01
"Norberto, Jordan RP OAK",norbejo01
"Maybin, Cameron CF SD",maybica01
"Paterson, Joe RP ARI",paterjo01
"Nelson, Chris 3B COL",nelsoch01
"Hughes, Jared RP PIT",hugheja02
"Marinez, Jhan RP CHW",marinjh01
"Myers, Brett RP CLE ",myersbr01
"Reineke, Chad SP CIN",reinech01
"Molina, Gustavo C NYY",molingu01
"Kluber, Corey SP CLE",klubeco01
"Avila, Alex C DET ",avilaal01
"Moss, Brandon 1B OAK ",mossbr01
"Owings, Micah RP SD",owingmi01
"Simmons, Andrelton SS ATL",simmoan01
"Koehler, Tom RP MIA",koehlto01
"Romine, Austin C NYY ",rominau01
"LeCure, Sam RP CIN",lecursa01
"Guthrie, Jeremy SP KC",guthrje01
"Fontenot, Mike 2B TB",fontemi01
"Jackson, Steven RP LAD",jacksst01
"Valaika, Chris 3B CIN",valaich01
"Simon, Alfredo RP CIN",simonal01
"Harris, William RP COL",harriwi02
"Rodriguez, Francisco RP LAA",rodrifr04
"Atilano, Luis SP WAS",atilalu01
"Axford, John RP MIL ",axforjo01
"Chamberlain, Joba RP NYY ",chambjo03
"Cain, Matt SP SF",cainma01
"Durango, Luis LF KC",duranlu01
"Oliver, Andrew SP PIT",olivean01
"Bowers, Cedrick RP OAK",bowerce01
"Perry, Ryan RP WAS",perryry01
"Gardner, Brett CF NYY",gardnbr01
"Wieland, Joe SP SD ",wielajo01
"Bourjos, Peter CF LAA ",bourjpe01
"Hill, Steve 1B STL",hillst01
"Marte, Starling CF PIT",martest01
"Albaladejo, Jonathan RP ARI ",albaljo01
"Cobb, Alex SP TB",cobbal01
"Hernandez, Ramon C COL ",hernara02
"Balester, Collin RP TEX",balesco01
"Hill, Shawn RP TOR",hillsh01
"Aldridge, Cory RF BAL",aldrico01
"Hernandez, Diory SS HOU",hernadi01
"Robertson, Tyler RP MIN",roberty01
"Stanton, Giancarlo RF MIA ",stantmi03
"Vasquez, Esmerling SP MIN",vasques01
"Silva, Carlos SP BOS",silvaca01
"Blevins, Jerry RP OAK ",blevije01
"Ford, Lew LF BAL ",fordle01
"O'Day, Darren RP BAL",odayda01
"Eldred, Brad RF DET",eldrebr01
"Cozart, Zack SS CIN",cozarza01
"Perdomo, Luis RP MIN",perdolu01
"Coffey, Todd RP LAD ",coffeto01
"Taylor, Michael LF OAK",taylomi01
"Enright, Barry RP LAA",enrigba01
"Wolf, Ross RP HOU",wolfro01
"Rosa, Carlos RP ARI",rosaca01
"Pryor, Stephen RP SEA",pryorst01
"Bumgarner, Madison SP SF",bumgama01
"Pena, Ramiro SS NYY ",penara02
"Gose, Anthony CF TOR",gosean01
"Joyce, Matt RF TB ",joycema01
"Furcal, Rafael SS STL ",furcara01
"Dunn, Adam 1B CHW",dunnad01
"Morales, Franklin RP BOS ",moralfr01
"Pujols, Albert 1B LAA ",pujolal01
"Olson, Garrett RP NYM",olsonga01
"Hart, Corey 1B MIL ",hartco01
"Jackson, Edwin SP CHC ",jacksed01
"Dickson, Brandon RP STL",dicksbr01
"Accardo, Jeremy RP OAK",accarje01
"Joaquin, Waldis RP WAS",joaquwa01
"Storen, Drew RP WAS ",storedr01
"Kouzmanoff, Kevin 3B KC",kouzmke01
"Correia, Kevin SP MIN ",correke01
"Bastardo, Antonio RP PHI ",bastaan01
"West, Sean SP MIA",westse01
"Scales, Bobby 3B CHC",scalebo01
"Snider, Travis LF PIT",snidetr01
"Lowe, Mark RP TEX",lowema01
"Korecky, Bobby RP TOR",korecbo01
"Hunter, Tommy SP BAL ",hunteto02
"Tatum, Craig C NYY ",tatumcr01
"Martin, Russell C PIT",martiru01
"Beachy, Brandon SP ATL ",beachbr01
"Scherzer, Max SP DET",scherma01
"Verlander, Justin SP DET",verlaju01
"Buehrle, Mark SP TOR",buehrma01
"Fox, Jake C PIT",foxja02
"Rodney, Fernando RP TB",rodnefe01
"Lerud, Steven C PHI",lerudst01
"Guerrier, Matt RP LAD",guerrma02
"Salazar, Oscar LF SD",salazos01
"Webb, Ryan RP MIA ",webbry01
"Gordon, Brian RP NYY",gordobr01
"Paulino, Ronny C BAL ",pauliro01
"Kotsay, Mark RF SD",kotsama01
"Barton, Daric 1B OAK",bartoda02
"DeWitt, Blake 2B ATL",dewitbl01
"Atkins, Mitch RP WAS",atkinmi01
"Altuve, Jose 2B HOU",altuvjo01
"Sanchez, Eduardo RP STL",sanched01
"Ortiz, Ramon RP TOR ",ortizra01
"Davis, Brad C DET",davisbr03
"Richardson, Dustin RP ATL",richadu02
"Perez, Eury CF WAS",perezeu01
"Beltre, Adrian 3B TEX",beltrad01
"Pridie, Jason LF BAL",pridija01
"Watson, Matt LF OAK",watsoma02
"LaRoche, Andy 3B CLE",larocan01
"Jenks, Bobby RP BOS",jenksbo01
"Chapman, Aroldis RP CIN ",chapmar01
"Wise, Dewayne LF CHW",wisede01
"Kendrick, Kyle SP PHI",kendrky01
"Weber, Thad RP SD",weberth01
"Wilson, Justin RP PIT ",wilsoju10
"Morales, Jose C PIT",moraljo02
"Quintanilla, Omar 2B NYM ",quintom01
"Tuiasosopo, Matt LF DET",tuiasma01
"Davis, Rajai CF TOR",davisra01
"Bloomquist, Willie SS ARI ",bloomwi01
"Marshall, Sean RP CIN",marshse01
"Wilk, Adam SP DET ",wilkad01
"Galarraga, Armando SP HOU ",galarar01
"Dotel, Octavio RP DET",doteloc01
"Desmond, Ian SS WAS ",desmoia01
"Greenberg, Adam LF MIA ",greenad01
"Volquez, Edinson SP SD ",volqued01
"Nava, Daniel RF BOS",navada01
"Rosario, Wilin C COL",rosarwi01
"Williams, Randy RP BOS",willira01
"Beltran, Carlos CF STL",beltrca01
"Carlson, Jesse RP BOS",carlsje01
"Castro, Jason C HOU",castrja01
"Swarzak, Anthony RP MIN",swarzan01
"Hernandez, Anderson SS PIT",hernaan01
"Maronde, Nick RP LAA",maronni01
"Cooper, David 1B TOR",coopeda01
"Petersen, Bryan RF MIA",peterbr01
"Mitchell, D.J. RP SEA",mitchdj01
"Woodward, Chris 2B TOR",woodwch01
"Rios, Alex CF CHW",riosal01
"Griffin, A.J. SP OAK",griffaj01
"Gload, Ross 1B PHI",gloadro01
"Cairo, Miguel 1B CIN",cairomi01
"Sale, Chris SP CHW ",salech01
"Ryal, Rusty LF ATL",ryalru01
"Bass, Anthony SP SD",bassan01
"Raynor, John RF MIA",raynojo01
"Perkins, Glen RP MIN",perkigl01
"Hudson, Kyle LF TEX",hudsoky01
"Cruz, Juan RP PHI ",cruzju02
"Rodriguez, Wandy SP PIT",rodriwa01
"Nieve, Fernando RP CLE",nievefe01
"Infante, Gregory RP CHW",infangr01
"Magnuson, Trystan RP TOR",magnutr01
"Beckett, Josh SP LAD",beckejo02
"Shields, James SP KC ",shielja02
"Purcey, David RP PHI",purceda01
"Villarreal, Brayan RP DET ",villabr02
"Gonzalez, Alberto SS TEX",gonzaal03
"Barmes, Clint SS PIT ",barmecl01
"Beato, Pedro RP BOS",beatope01
"Baker, Jeff RF ATL",bakerje03
"Storey, Mickey RP TOR",storemi01
"LeBlanc, Wade RP MIA",leblawa01
"Tolbert, Matt 2B CHC",tolbema01
"Darnell, James LF SD",darneja01
"Carrasco, Carlos SP CLE ",carraca01
"Harris, Brendan 3B LAA",harribr01
"Gervacio, Sammy RP HOU",gervasa01
"Cain, Lorenzo CF KC",cainlo01
"Podsednik, Scott LF BOS",podsesc01
"Kohn, Michael RP LAA ",kohnmi01
"Thomas, Clete RF MIN",thomacl02
"Stauffer, Tim SP SD ",staufti01
"Smith, Seth LF OAK ",smithse01
"Scutaro, Marco 2B SF",scutama01
"Leake, Mike SP CIN",leakemi01
"Warren, Adam SP NYY",warread01
"Gomez, Carlos CF MIL ",gomezca01
"Rowland-Smith, Ryan SP CHC",rowlary01
"Quintana, Jose SP CHW",quintjo01
"Kuo, Hong-Chih RP SEA",kuoho01
"McLouth, Nate CF BAL",mclouna01
"Everett, Adam 3B CLE",everead01
"Bueno, Francisley RP KC",buenofr01
"Cespedes, Yoenis CF OAK",cespeyo01
"Ellsbury, Jacoby CF BOS ",ellsbja01
"Langerhans, Ryan LF TOR ",langery01
"McAllister, Zach SP CLE",mcallza01
"Martin, Leonys OF TEX ",martile01
"Teahen, Mark 3B ARI",teahema01
"Rosales, Leo RP ARI",rosalle01
"James, Chuck RP NYM",jamesch03
"Nicasio, Juan SP COL",nicasju01
"McCutchen, Daniel RP BAL",mccutda01
"Perez, Juan RP TOR ",perezju01
"Nix, Laynce LF PHI",nixla01
"Boyer, Blaine RP KC",boyerbl01
"Colon, Roman RP KC",colonro01
"Gillaspie, Conor 3B SF",gillaco01
"Moreland, Mitch 1B TEX ",morelmi01
"Deduno, Samuel SP MIN",dedunsa01
"Buchholz, Clay SP BOS ",buchhcl01
"Lerew, Anthony SP KC",lerewan01
"Miller, Jim RP NYY",milleji02
"Peralta, Joel RP TB",peraljo01
"Nova, Ivan SP NYY",novaiv01
"Misch, Pat RP PHI ",mischpa01
"Oeltjen, Trent RF LAA",oeltjtr01
"Punto, Nick 3B LAD",puntoni01
"Green, Taylor 1B MIL",greenta01
"Denorfia, Chris CF SD",denorch01
"Johnson, Reed LF ATL",johnsre02
"Kilby, Brad RP OAK",kilbybr01
"Young, Matt LF LAA",youngma02
"Navarro, Efren 1B LAA",navaref01
"Valverde, Jose RP DET ",valvejo01
"Hudson, Daniel SP ARI ",hudsoda01
"Pence, Hunter RF SF ",pencehu01
"Johnson, Josh SP TOR",johnsjo09
"Pinto, Renyel RP STL",pintore01
"Gentry, Craig LF TEX",gentrcr01
"Rodriguez, Henry 2B CIN",rodrihe04
"Figueroa, Pedro RP OAK",figuepe01
"Downs, Matt 1B HOU ",downsma01
"Resop, Chris RP OAK ",resopch01
"Ni, Fu-Te RP DET",nifu01
"Satin, Josh 1B NYM",satinjo01
"Crawford, Carl LF LAD ",crawfca02
"Wilson, Bobby C TOR",wilsobo02
"Bautista, Denny RP SEA",bautide01
"Cook, Aaron SP PHI ",cookaa01
"Logan, Boone RP NYY ",loganbo02
"Scheppers, Tanner RP TEX",schepta01
"Arias, Joaquin 3B SF",ariasjo01
"Godfrey, Graham SP OAK ",godfrgr01
"Tobin, Mason RP TEX",tobinma01
"Dickey, R.A. SP TOR ",dickera01
"Moore, Jeremy RF LAA",mooreje02
"Burnett, Alex RP MIN",burneal01
"Carlin, Luke C LAA",carlilu01
"Bard, Josh C LAD",bardjo01
"Gomez, Mauro 1B BOS ",gomezma01
"Stinson, Josh RP MIL",stinsjo01
"Trumbo, Mark LF LAA ",trumbma01
"Acosta, Manny RP NYM ",acostma01
"Callaspo, Alberto 3B LAA ",callaal01
"Mattheus, Ryan RP WAS",matthry01
"Herrera, Jonathan SS COL ",herrejo03
"Lewis, Jensen RP ARI",lewisje01
"Espinosa, Danny 2B WAS",espinda01
"Teaford, Everett RP KC",teafoev01
"Schneider, Brian C PHI",schnebr01
"Gray, Jeff RP CHW ",grayje02
"Hudson, Tim SP ATL",hudsoti01
"Tateyama, Yoshinori RP TEX",tateyyo01
"Cabrera, Edwar SP COL",cabreed01
"Hampson, Justin RP NYM",hampsju01
"Miranda, Juan 1B TB",miranju01
"Andino, Robert 2B SEA",andinro01
"Lucroy, Jonathan C MIL",lucrojo01
"Mota, Guillermo RP SF",motagu01
"Head, Jerad RF DET",headje01
"Valdez, Merkin RP OAK",valdeme01
"Mathis, Jeff C MIA",mathije01
"Rogers, Esmil RP TOR",rogeres01
"Sizemore, Grady CF CLE ",sizemgr01
"Weiland, Kyle SP HOU ",weilaky01
"Clevenger, Steve C CHC",clevest01
"Asencio, Jairo RP MIL",valdelu01
"German, Esteban 3B TEX",germaes01
"Beavan, Blake SP SEA",beavabl01
"Bruce, Jay RF CIN",bruceja01
"Diekman, Jacob RP PHI",diekmja01
"Lynn, Lance SP STL ",lynnla01
"Mata, Frank RP MIA",matafr01
"Hardy, J.J. SS BAL",hardyjj01
"Anderson, Bryan C CHW",anderbr05
"Moscoso, Guillermo RP KC",moscogu01
"Hendriks, Liam SP MIN ",hendrli01
"Sanchez, Romulo RP TB",sanchro01
"Slowey, Kevin SP CLE ",sloweke01
"Bianchi, Jeff SS MIL",biancje01
"Wood, Tim RP MIN",woodti01
"Baker, Scott SP CHC ",bakersc02
"Buck, John C NYM ",buckjo01
"Martinez, Ozzie SS CHW",martios01
"Hunter, Cedric CF CLE",huntece01
"Friedrich, Christian SP COL ",friedch01
"Towles, J.R. C MIN",towlejr01
"Presley, Alex CF PIT",preslal01
"Redmond, Todd SP CIN",redmoto01
"Caridad, Esmailin RP CHC",carides01
"Peavy, Jake SP CHW",peavyja01
"Lopez, Wilton RP COL ",lopezwi01
"Burriss, Emmanuel 2B CIN",burriem01
"Tucker, Ryan RP LAD",tuckery01
"Guzman, Jesus LF SD",guzmaje01
"Rosario, Sandy RP SF ",rosarsa02
"Tejada, Ruben SS NYM",tejadru01
"Pennington, Cliff SS ARI ",pennicl01
"Pollock, A.J. CF ARI",polloaj01
"Fife, Stephen SP LAD",fifest01
"Schlereth, Daniel RP BAL ",schleda01
"Saito, Takashi RP ARI ",saitota01
"Berry, Quintin CF DET",berryqu01
"Young, Delmon LF PHI ",youngde03
"Howell, J.P. RP LAD ",howeljp01
"LaPorta, Matt 1B CLE",laporma01
"Layne, Tom RP SD",layneto01
"Repko, Jason CF BOS",repkoja01
"Hanson, Tommy SP LAA ",hansoto01
"Olt, Mike 1B TEX ",oltmi01
"Worley, Vance SP MIN ",worleva01
"Cervelli, Francisco C NYY ",cervefr01
"Kontos, George RP SF",kontoge01
"Sanit, Amauri RP NYY",sanitam01
"Pineda, Michael SP NYY ",pinedmi01
"Zawadzki, Lance 2B LAD",zawadla01
"Sogard, Eric SS OAK",sogarer01
"Stubbs, Drew CF CLE ",stubbdr01
"Lough, David CF KC",loughda01
"Wilson, Josh 3B ARI",wilsojo03
"Swisher, Nick RF CLE ",swishni01
"Costanzo, Mike 1B CIN",costami01
"Pelfrey, Mike SP MIN ",pelfrmi01
"Vitters, Josh 3B CHC",vittejo01
"Delcarmen, Manny RP NYY",delcama01
"Frazier, Jeff LF WAS",frazije01
"Arrieta, Jake SP BAL",arrieja01
"Rasmus, Colby CF TOR ",rasmuco01
"Madson, Ryan RP LAA ",madsory01
"Murphy, David LF TEX ",murphda07
"Golson, Greg CF CHW",golsogr01
"Barney, Darwin 2B CHC",barneda01
"Gomes, Yan 1B CLE",gomesya01
"Burton, Jared RP MIN",burtoja01
"Barden, Brian 3B TEX",bardebr01
"Treanor, Matt C LAD",treanma01
"Rowand, Aaron CF MIA",rowanaa01
"Lobaton, Jose C TB",lobatjo01
"Ransom, Cody SS SD ",ransoco01
"McDonald, John SS ARI",mcdonjo03
"Maxwell, Justin CF HOU",maxweju01
"Duke, Zach RP WAS",dukeza01
"Lindstrom, Matt RP ARI ",lindsma01
"Abad, Fernando RP WAS ",abadfe01
"Harvey, Matt SP NYM ",harvema01
"Zimmermann, Jordan SP WAS",zimmejo02
"Hughes, Dusty RP ATL",hughedu01
"Judy, Josh RP CIN",judyjo01
"Sanches, Brian RP KC",sanchbr01
"Rupe, Josh RP BAL",rupejo01
"Werth, Jayson RF WAS",werthja01
"Gordon, Alex LF KC",gordoal01
"Coleman, Louis RP KC",colemlo01
"Upton, Justin RF ATL ",uptonju01
"Liriano, Francisco SP CHW ",liriafr01
"Lincecum, Tim SP SF",linceti01
"Billingsley, Chad SP LAD ",billich01
"Soriano, Alfonso LF CHC ",soriaal01
"Carpenter, Chris SP STL ",carpech01
"Gaub, John SP STL",gaubjo01
"Hairston, Jerry 3B LAD ",hairsje02
"Loney, James 1B TB",loneyja01
"Galvis, Freddy 2B PHI ",galvifr01
"Furbush, Charlie RP SEA",furbuch01
"Pauley, David RP TOR",pauleda01
"Hernandez, Gorkys CF MIA",hernago01
"Tracy, Chad 1B WAS",tracych01
"Atchison, Scott RP BOS",atchisc01
"Marte, Victor RP STL",martevi01
"Gimenez, Chris C TB",gimench01
"Mateo, Marcos RP CHC ",mateoma01
"Hoover, Paul C BOS",hoovepa01
"Avilan, Luis RP ATL",avilalu01
"Spears, Nate LF CLE",spearna01
"Ortiz, Russ RP LAD",ortizru01
"Young, Delwyn RF CHW ",youngde04
"Mench, Kevin OF WAS",menchke01
"Kubel, Jason LF ARI ",kubelja01
"Chapman, Jaye RP CHC",chapmja02
"Brown, Corey RF WAS",brownco01
"Baker, John C SD ",bakerjo01
"Pastornicky, Tyler SS ATL",pastoty01
"Stern, Adam CF MIL",sternad01
"Zimmerman, Ryan 3B WAS ",zimmery01
"Bard, Daniel SP BOS ",bardda01
"Smith, Jordan RP CIN",smithjo06
"Spilborghs, Ryan LF TEX",spilbry01
"Roenicke, Josh RP MIN",roenijo01
"Tankersley, Taylor RP NYM",tanketa01
"Chambers, Adron CF STL",chambad01
"Romo, Sergio RP SF",romose01
"Villanueva, Elih SP MIA",villael01
"Villar, Henry RP HOU",villahe02
"Wood, Kerry RP CHC",woodke02
"Garcia, Avisail CF DET",garciav01
"Igarashi, Ryota RP NYY",igarary01
"Feliz, Neftali SP TEX ",felizne01
"Rizzo, Anthony 1B CHC ",rizzoan01
"Bisenius, Joe RP WAS",bisenjo01
"Cishek, Steve RP MIA ",cishest01
"Ka'aihue, Kila 1B ARI",kaaihki01
"Thomas, Brad RP DET",thomabr01
"Dessens, Elmer RP NYM",desseel01
"Diaz, Juan SS CLE",diazju02
"Hughes, Luke 3B OAK",hughelu01
"Schierholtz, Nate RF CHC ",schiena01
"Parker, Blake RP CHC",parkebl01
"Moylan, Peter RP ATL ",moylape01
"Kennedy, Adam 3B LAD",kennead01
"Delabar, Steve RP TOR",delabst01
"Rusin, Chris SP CHC",rusinch01
"Holm, Steve C COL",holmst01
"Troncoso, Ramon RP CHW",troncra01
"Del Rosario, Enerio RP HOU",delroen01
"Brown, Dusty C TEX",browndu01
"Ceda, Jose RP MIA ",cedajo01
"Shaw, Bryan RP CLE ",shawbr01
"Hacker, Eric RP SF ",hackeer01
"Runzler, Dan RP SF",runzlda01
"Capuano, Chris SP LAD",capuach01
"Rodriguez, Josh SS PIT",rodrijo05
"Ramirez, Max C KC",ramirma03
"Martinez, Joe RP CLE ",martijo07
"Gaudin, Chad RP MIA",gaudich01
"Aviles, Mike SS CLE",avilemi01
"Bell, Josh 3B CHW",belljo01
"Billings, Bruce RP OAK",billibr02
"Burns, Cory RP TEX",burnsco01
"Ascanio, Jose RP LAD",ascanjo01
"Kawasaki, Munenori SS SEA",kawasmu01
"Davis, Blake 2B BAL",davisbl01
"Harang, Aaron SP LAD",haranaa01
"Mujica, Edward RP STL ",mujiced01
"Shealy, Ryan 1B BOS",shealry01
"Vincent, Nick RP SD",vinceni01
"Pomeranz, Drew SP COL",pomerdr01
"Reynolds, Matt RP ARI",reynoma02
"Texeira, Kanekoa RP CIN",texeika01
"Maldonado, Martin C MIL",maldoma01
"Holaday, Bryan C DET",holadbr01
"Parra, Manny RP MIL",parrama01
"Kelly, Don LF DET ",kellydo01
"Hoffpauir, Micah 1B CHC",hoffpmi01
"Reddick, Josh LF OAK",reddijo01
"Dempster, Ryan SP BOS ",dempsry01
"Wuertz, Michael RP OAK ",wuertmi01
"Crosby, Casey SP DET",crosbca01
"Gomez, Jeanmar SP PIT ",gomezje01
"Cabrera, Miguel 3B DET",cabremi01
"Gorzelanny, Tom RP MIL ",gorzeto01
"Romine, Andrew SS LAA",rominan01
"Hamilton, Josh CF LAA ",hamiljo03
"Sands, Jerry RF PIT ",sandsje01
"Lindsey, John 1B LAD",lindsjo01
"Hessman, Mike 3B HOU",hessmmi01
"Giavotella, Johnny 2B KC",giavojo01
"Noesi, Hector SP SEA",noesihe01
"Laird, Gerald C ATL",lairdge01
"Hannahan, Jack 3B CIN ",hannaja01
"Rosenthal, Trevor RP STL",rosentr01
"Tekotte, Blake LF CHW",tekotbl01
"Westbrook, Jake SP STL",westbja01
"Prado, Martin LF ARI ",pradoma01
"Blackmon, Charlie OF COL",blackch02
"Cramer, Bobby RP OAK",cramebo01
"May, Lucas C PIT ",maylu01
"Choate, Randy RP STL",choatra01
"Guyer, Brandon RF TB",guyerbr01
"Blackley, Travis SP OAK",blacktr01
"Harrison, Matt SP TEX ",harrima01
"Rodriguez, Sean 3B TB ",rodrise01
"Hicks, Brandon SS NYM",hicksbr01
"Ellis, A.J. C LAD ",ellisaj01
"Santos, Sergio RP TOR ",santose01
"Herndon, David RP NYY ",herndda01
"Shields, Scot RP LAA",shielsc01
"Ekstrom, Mike RP COL",ekstrmi01
"Thompson, Rich RP TOR ",thompri03
"Soria, Joakim RP TEX ",soriajo01
"Hermida, Jeremy RF SD",hermije01
"Braun, Ryan LF MIL ",braunry02
"Garcia, Christian RP WAS ",garcich02
"Reynolds, Mark 1B CLE ",reynoma01
"Carpenter, David P LAA",carpeda02
"Braddock, Zach RP BAL ",braddza01
"Downs, Scott RP LAA",downssc01
"Boxberger, Brad RP SD",boxbebr01
"Velazquez, Gil 3B MIA",velazgi01
"Tulowitzki, Troy SS COL ",tulowtr01
"Humber, Philip SP HOU",humbeph01
"Outman, Josh RP COL ",outmajo01
"Brach, Brad RP SD",brachbr01
"Rottino, Vinny LF CLE",rottivi01
"Bell, Heath RP ARI",bellhe01
"Valencia, Danny 3B BAL",valenda01
"Snyder, Brandon 1B TEX",snydebr03
"Holt, Brock 2B BOS ",holtbr01
"Ellis, Mark 2B LAD",ellisma01
"Teagarden, Taylor C BAL",teagata01
"Flaherty, Ryan 2B BAL ",flahery01
"Braden, Dallas SP OAK ",bradeda01
"Flores, Randy RP SD",florera01
"Chen, Wei-Yin SP BAL",chenwe02
"Betances, Dellin SP NYY",betande01
"Dobbs, Greg LF MIA ",dobbsgr01
"Halladay, Roy SP PHI ",hallaro01
"Huff, David SP CLE",huffda01
"Berkman, Lance 1B TEX ",berkmla01
"Jacobs, Mike 1B SEA ",jacobmi02
"Hernandez, Pedro SP MIN",hernape02
"Schmidt, Konrad C TEX",schmiko01
"Bonine, Eddie RP ARI",bonined01
"Slama, Anthony RP MIN",slamaan01
"Holland, Derek SP TEX",hollade01
"Cabrera, Asdrubal SS CLE",cabreas01
"Linebrink, Scott RP STL",linebsc01
"Boesch, Brennan RF DET ",boescbr01
"Thornton, Matt RP CHW",thornma01
"Sampson, Chris RP HOU",sampsch01
"Carp, Mike LF SEA",carpmi01
"Lowe, Derek SP NYY",lowede01
"Hague, Matt 1B PIT",haguema01
"Demel, Sam RP HOU",demelsa01
"Feliciano, Pedro RP NYM ",felicpe01
"Bixler, Brian LF HOU",bixlebr01
"Edgin, Josh RP NYM",edginjo01
"Vizcaino, Arodys RP CHC ",vizcaar01
"Breslow, Craig RP BOS ",breslcr01
"Wellemeyer, Todd SP CHC",welleto01
"Mock, Garrett SP ARI",mockga01
"Lucy, Donny C CHW",lucydo01
"Duensing, Brian RP MIN ",duensbr01
"Hatcher, Chris RP MIA",hatchch02
"Carroll, Brett RF WAS",carrobr01
"Blanks, Kyle RF SD ",blankky01
"Durbin, Chad RP ATL",durbich01
"McClendon, Mike RP MIL ",mcclemi01
"Stavinoha, Nick LF HOU",stavini01
"McPherson, Kyle RP PIT ",mcpheky01
"Loup, Aaron RP TOR",loupaa01
"Huffman, Chad LF CLE",huffmch01
"Conrad, Brooks 3B TB",conrabr01
"Jakubauskas, Chris SP ARI",jakubch01
"Granderson, Curtis CF NYY",grandcu01
"Bulger, Jason RP MIN",bulgeja01
"Davis, Chris RF BAL ",davisch02
"Lowrie, Jed SS HOU ",lowrije01
"Kinney, Josh RP SEA",kinnejo01
"Mortensen, Clayton RP BOS",mortecl01
"Penny, Brad RP SF",pennybr01
"Greinke, Zack SP LAD ",greinza01
"DiFelice, Mark RP MIL",difelma01
"Frasor, Jason RP TEX ",frasoja01
"Carpenter, Matt 1B STL",carpema01
"Cook, Ryan RP OAK",cookry01
"Mathieson, Scott RP PHI",mathisc01
"Velez, Eugenio 2B TOR",velezeu01
"Palmer, Matt RP SD ",palmema01
"Sherrill, George RP KC ",sherrge01
"Rutledge, Josh SS COL",rutlejo01
"Luna, Hector 1B PHI",lunahe01
"Hill, Aaron 2B ARI",hillaa01
"Boggs, Brandon LF PIT",boggsbr01
"De Vries, Cole SP MIN",devrico01
"Francisco, Juan 3B ATL",francju02
"Shuck, J.B. CF LAA",shuckja01
"Johnson, Rob C STL",johnsro07
"Belisle, Matt RP COL",belisma01
"Johnson, Elliot SS TB",johnsel02
"Robertson, David RP NYY ",roberda08
"Ramirez, Hanley 3B LAD",ramirha01
"Chacin, Jhoulys SP COL",chacijh01
"Ruggiano, Justin LF MIA ",ruggiju01
"Pacheco, Jordan 3B COL ",pachejo01
"Ciriaco, Pedro 3B BOS",ciriape01
"Lalli, Blake C MIL",lallibl01
"Smith, Greg SP COL",smithgr02
"Kratz, Erik C PHI",kratzer01
"Ojeda, Augie 2B CHC",ojedaau01
"Savery, Joe RP PHI",saverjo01
"Delaney, Rob RP MIA",delanro01
"Aceves, Alfredo RP BOS ",aceveal01
"Sierra, Moises LF TOR",sierrmo01
"Qualls, Chad RP PIT",quallch01
"Hosmer, Eric 1B KC ",hosmeer01
"Valdez, Wilson SS CIN ",valdewi01
"Navarro, Oswaldo SS HOU",navaros01
"Stutes, Michael RP PHI ",stutemi01
"Christian, Justin LF SF",chrisju01
"Kemp, Matt CF LAD ",kempma01
"Patterson, Eric LF DET",patteer01
"Bray, Bill RP WAS ",braybi01
"Ford, Darren CF PIT",fordda03
"Jeter, Derek SS NYY ",jeterde01
"Descalso, Daniel 2B STL ",descada01
"Donald, Jason 3B CIN ",donalja01
"Happ, J.A. SP TOR ",happja01
"Ryan, Brendan SS SEA ",ryanbr01
"Medlen, Kris RP ATL ",medlekr01
"Hall, Bill RF BAL",hallbi03
"Alvarez, Henderson SP MIA",alvarhe01
"Morneau, Justin 1B MIN ",morneju01
"Paul, Xavier CF CIN",paulxa01
"Cuddyer, Michael RF COL",cuddymi01
"Duchscherer, Justin SP BAL",duchsju01
"Carrasco, D.J. RP NYM",carradj01
"Wells, Kip SP SD ",wellski01
"Suzuki, Ichiro RF NYY ",suzukic01
"Fowler, Dexter CF COL",fowlede01
"Rivera, Juan 1B LAD",riverju01
"Grabow, John RP LAD",grabojo02
"Phillips, Paul C MIL",phillpa01
"Bartlett, Jason SS SD",bartlja01
"Jones, Adam CF BAL",jonesad01
"Beltre, Omar RP TEX",beltrom01
"Meek, Evan RP TEX",meekev01
"Gonzalez, Miguel SP BAL ",gonzami03
"Padilla, Vicente RP BOS ",padilvi01
"Valbuena, Luis 3B CHC",valbulu01
"Berken, Jason SP CHC",berkeja01
"Nieves, Wil C ARI",nievewi01
"Hundley, Nick C SD ",hundlni01
"Benson, Joe LF MIN",bensojo01
"Mangini, Matt 3B TB",mangima01
"Markakis, Nick RF BAL ",markani01
"Sandoval, Pablo 3B SF ",sandopa01
"Broderick, Brian RP STL",brodebr01
"Marcum, Shaun SP MIL ",marcush01
"Castro, Starlin SS CHC",castrst01
"Eovaldi, Nate SP MIA",eovalna01
"Bonser, Boof RP NYM",bonsebo01
"Milone, Tommy SP OAK",milonto01
"Segura, Jean SS MIL",segurje01
"Florimon, Pedro SS MIN",floripe01
"Blanco, Henry C TOR ",blanche01
"Sonnanstine, Andy RP CHC",sonnaan01
"Beliveau, Jeff RP TEX",belivje01
"Gonzalez, Mike RP MIL ",gonzami02
"Clippard, Tyler RP WAS ",clippty01
"Bowker, John LF PHI",bowkejo01
"Parmelee, Chris 1B MIN",parmech01
"Morris, Bryan RP PIT",morribr01
"Chico, Matt SP LAD",chicoma01
"Garner, Cole RF NYY ",garneco01
"Duncan, Shelley LF TB ",duncash01
"Bundy, Dylan RP BAL ",bundydy01
"Moore, Tyler LF WAS",moorety01
"Reynolds, Greg RP TEX ",reynogr01
"Severino, Atahualpa RP KC",severat01
"Hamels, Cole SP PHI ",hamelco01
"Thompson, Aaron RP MIN",thompaa01
"Capps, Matt RP MIN",cappsma01
"Nady, Xavier LF KC ",nadyxa01
"Luebke, Cory SP SD ",luebkco01
"Larish, Jeff 1B BAL",larisje01
"Valdez, Jose RP HOU",valdejo01
"Dunn, Mike RP MIA",dunnmi01
"Adams, Mike RP PHI ",adamsmi03
"Hawksworth, Blake RP LAD",hawksbl01
"Sanchez, Gaby 1B PIT ",sanchga01
"Morton, Charlie SP PIT ",mortoch02
"Revere, Ben CF PHI ",reverbe01
"Niemann, Jeff SP TB ",niemaje01
"Alvarez, Pedro 3B PIT",alvarpe01
"Anderson, Brett SP OAK",anderbr04
"Lindsay, Shane RP LAD",lindssh01
"Archer, Chris SP TB",archech01
"Inge, Brandon 3B OAK ",ingebr01
"Samardzija, Jeff SP CHC ",samarje01
"Oliver, Darren RP TOR ",oliveda02
"Miller, Justin RP SEA",milleju01
"Ray, Robert RP MIA",rayro01
"Escobar, Yunel SS TB",escobyu01
"Batista, Miguel RP ATL ",batismi01
"Crowe, Trevor LF HOU",crowetr01
"Ray, Chris RP CLE",raych01
"Todd, Jess RP STL",toddje01
"Feliciano, Jesus CF TB",felicje01
"Carroll, Jamey 2B MIN ",carroja01
"Holland, Greg RP KC",hollagr01
"Gearrin, Cory RP ATL",gearrco01
"Milledge, Lastings LF CHW",millela02
"Danks, Jordan CF CHW",danksjo02
"Rodriguez, Aneury SP HOU ",rodrian01
"Saunders, Michael LF SEA ",saundmi01
"Blanco, Gregor LF SF ",blancgr01
"Vogelsong, Ryan SP SF",vogelry01
"Gonzalez, Carlos LF COL ",gonzaca01
"Ramos, A.J. RP MIA",ramosaj01
"Ramirez, Wilkin LF MIN",ramirwi01
"Odorizzi, Jake SP KC ",odorija01
"Duffy, Danny SP KC ",duffyda01
"Frieri, Ernesto RP LAA",frierer01
"Chen, Bruce SP KC ",chenbr01
"Pina, Manny C KC",pinama01
"Wood, Travis SP CHC",woodtr01
"Cassevah, Bobby RP LAA",cassebo01
"Stewart, Zach RP CHW ",stewaza01
"Bocock, Brian SS TOR",bococbr01
"Stewart, Chris C NYY",stewach01
"Bauer, Trevor SP CLE ",bauertr01
"Chavez, Eric 3B ARI",chaveer01
"Thompson, Daryl RP MIN",thompda02
"Rivera, Mariano RP NYY ",riverma01
"Zagurski, Mike RP PIT",zagurmi01
"Fien, Casey RP MIN",fienca01
"Cashner, Andrew RP SD ",cashnan01
"Doolittle, Sean RP OAK",doolise01
"Worrell, Mark RP BAL",worrema01
"Sutton, Drew LF PIT",suttodr01
"Thames, Marcus LF LAD",thamema01
"Parra, Gerardo LF ARI",parrage01
"Talbot, Mitch SP CLE ",talbomi01
"Gabino, Armando RP BAL",gabinar01
"VandenHurk, Rick RP PIT",vanderi01
"Lincoln, Brad RP TOR ",lincobr01
"Giambi, Jason 1B COL",giambja01
"Guerra, Javy RP LAD ",guerrja01
"Rivera, Mike C MIL",rivermi02
"Evans, Nick 1B PIT",evansni01
"Arencibia, J.P. C TOR",arencjp01
"Kuroda, Hiroki SP NYY",kurodhi01
"Collmenter, Josh RP ARI",collmjo01
"O'Sullivan, Sean SP SD",osullse01
"Elmore, Jacob SS HOU",elmorja01
"Santana, Johan SP NYM ",santajo01
"Tallet, Brian RP SD",tallebr01
"McPherson, Dallas 1B CHW",mcpheda01
"Howard, Ryan 1B PHI ",howarry01
"Gee, Dillon SP NYM ",geedi01
"Keppinger, Jeff 3B CHW ",keppije01
"Valdespin, Jordany LF NYM",valdejo02
"Arroyo, Bronson SP CIN",arroybr01
"Viola, Pedro RP BAL",violape01
"Augenstein, Bryan RP TB",augenbr01
"Pie, Felix LF PIT",piefe01
"Hamren, Erik RP SD",hamreer01
"Nunez, Eduardo SS NYY ",nunezed02
"Ogando, Alexi RP TEX",ogandal01
"McCoy, Mike CF TOR",mccoymi01
"Berg, Justin RP CHC",bergju01
"Stevens, Jeff RP NYM",steveje01
"Frazier, Todd 3B CIN",frazito01
"Figueroa, Nelson SP ARI",figuene01
"Hanrahan, Joel RP BOS ",hanrajo01
"Hayes, Brett C KC",hayesbr01
"Castillo, Alberto RP LAD",castial02
"Moore, Matt SP TB",moorema02
"Hinshaw, Alex RP TOR",hinshal01
"Scribner, Evan RP OAK",scribev01
"Mauer, Joe C MIN",mauerjo01
"Willis, Dontrelle SP BAL ",willido03
"Hamilton, Mark 1B STL",hamilma01
"Kottaras, George C OAK ",kottage01
"Darvish, Yu SP TEX ",darviyu01
"Byrd, Marlon CF BOS",byrdma01
"Sappelt, Dave CF CHC",sappeda01
"Threets, Erick RP OAK",threeer01
"Ramirez, Elvin RP NYM",ramirel02
"Johnson, Alan SP COL",johnsal02
"Seddon, Chris RP CLE",seddoch01
"Trout, Mike CF LAA",troutmi01
"Hernandez, David RP ARI",hernada01
"Barnes, Brandon CF HOU",barnebr02
"Danks, John SP CHW ",danksjo01
"Lopez, Javier RP SF",lopezja02
"Crisp, Coco CF OAK",crispco01
"Molina, Yadier C STL",molinya01
"Carignan, Andrew RP OAK ",carigan01
"Reed, Addison RP CHW",reedad01
"Exposito, Luis C BAL",exposlu01
"Holliday, Matt LF STL ",hollima01
"Isringhausen, Jason RP LAA",isrinja01
"Quiroz, Guillermo C BOS",quirogu01
"Meredith, Cla RP WAS",meredcl01
"Bourn, Michael CF ATL ",bournmi01
"Jansen, Kenley RP LAD ",janseke01
"Ross, Cody CF ARI ",rossco01
"Papelbon, Jonathan RP PHI",papeljo01
"Abreu, Juan RP TOR",abreuju01
"Lester, Jon SP BOS ",lestejo01
"Grilli, Jason RP PIT ",grillja01
"Cecil, Brett RP TOR",cecilbr01
"Grandal, Yasmani C SD",grandya01
"Marquis, Jason SP SD ",marquja01
"Bailey, Andrew RP BOS ",bailean01
"Pagan, Angel CF SF",paganan01
"Romero, J.C. RP BAL",romerjc01
"Ortega, Jose RP DET",ortegjo01
"Longoria, Evan 3B TB",longoev01
"Reimold, Nolan LF BAL ",reimono01
"Dickerson, Chris LF NYY ",dickech01
"Jones, Garrett 1B PIT ",jonesga02
"Gallagher, Sean RP CIN",gallase01
"Phillips, Kyle C SD",phillky01
"Stetter, Mitch RP LAA",stettmi01
"Jaramillo, Jason C HOU",jaramja01
"Solano, Donovan 2B MIA",solando01
"Parrish, John RP KC",parrijo01
"Fuld, Sam LF TB ",fuldsa01
"Heisey, Chris CF CIN",heisech01
"Loe, Kameron RP MIL",loeka01
"Neshek, Pat RP OAK",neshepa01
"Veras, Jose RP HOU ",verasjo01
"Shoppach, Kelly C NYM",shoppke01
"Betemit, Wilson 3B BAL ",betemwi01
"Tomko, Brett RP CIN",tomkobr01
"Rollins, Jimmy SS PHI",rolliji01
"Crawford, Evan RP TOR",crawfev01
"Jennings, Dan RP MIA",jennida01
"Price, David SP TB ",priceda01
"Schafer, Jordan CF ATL",schafjo02
"Leon, Sandy C WAS",leonsa01
"Figaro, Alfredo RP MIL",figaral01
"Stammen, Craig RP WAS ",stammcr01
"Bourgeois, Jason RF TB ",bourgja01
"Tolleson, Steve 3B CHW",tollest01
"Ross, Robbie RP TEX ",rossro01
"Profar, Jurickson 2B TEX ",profaju01
"Hoey, Jim RP TOR",hoeyja02
"Brothers, Rex RP COL",brothre01
"Baez, Danys RP PHI",baezda01
"Lackey, John SP BOS ",lackejo01
"Jimenez, Luis 1B TOR",jimenlu01
"Grimm, Justin RP TEX ",grimmju01
"Martinez, J.D. LF HOU ",martijd02
"McClellan, Kyle RP TEX ",mccleky01
"Angle, Matt LF LAD",anglema01
"Donnelly, Brendan RP PIT",donnebr01
"Santana, Carlos C CLE",santaca01
"Wood, Brandon 3B KC",woodbr01
"Brazoban, Yhency RP ARI",brazoyh01
"Maholm, Paul SP ATL",maholpa01
"Hefner, Jeremy SP NYM",hefneje01
"Blackburn, Nick SP MIN ",blackni01
"Burroughs, Sean 3B MIN",burrose01
"Maloney, Matt RP MIN",malonma02
